uid,organizational_unit,siren,email,usual_name,given_name,belonging_population,siret,phone_number,chorusdt:societe,chorusdt:matricule
test,comptabilite,343293775,test@abcd.com,DUBOIS,Angela Claire Louise,agent,34329377500037,+331-12-44-45-23,MinistèreIntérieur,123456
12354,comptabilite,343293775,test@abcd.com,Martinot,bernard,agent,34329377500037,+331-12-44-45-23,MinistèreIntérieur,123457
12352,,343293775,test@abcd.com,Martinot,henry,agent,34329377500037,+331-12-44-45-23,MinistèreIntérieur,123458
12355,comptabilite,,test@abcd.com,Martinot,mohamed,agent,34329377500037,+331-12-44-45-23,MinistèreIntérieur,123459
12356,comptabilite,343293775,test@abcd.com,Martinot,Pierre,agent,34329377500037,+331-12-44-45-23,MinistèreIntérieur,123460
12357,comptabilite,343293775,,Martinot,Paul,agent,34329377500037,+331-12-44-45-23,MinistèreIntérieur,123461
12358,comptabilite,343293775,test@abcd.com,,Jacques,agent,34329377500037,+331-12-44-45-23,MinistèreIntérieur,123462
12351,comptabilite,343293775,test@abcd.com,Martinot,,agent,34329377500037,+331-12-44-45-23,MinistèreIntérieur,123463
12361,comptabilite,343293775,test@abcd.com,Martinot,Frederic,agent,34329377500037,+331-12-44-45-23,MinistèreIntérieur,123464
12371,comptabilite,343293775,test@abcd.com,Martinot,Frederique,agent,34329377500037,+331-12-44-45-23,MinistèreIntérieur,123465
12381,comptabilite,343293775,test@abcd.com,Martinot,Jeanne,agent,34329377500037,+331-12-44-45-23,MinistèreIntérieur,123466
12391,comptabilite,343293775,test@abcd.com,Martinot,Martine,agent,34329377500037,+331-12-44-45-23,MinistèreIntérieur,123467
12451,comptabilite,343293775,test@abcd.com,Martinot,Martin,agent,34329377500037,+331-12-44-45-23,MinistèreIntérieur,123468
12551,comptabilite,343293775,test@abcd.com,Martinot,Gils,,34329377500037,+331-12-44-45-23,MinistèreIntérieur,123469
12651,comptabilite,343293775,test@abcd.com,Martinot,Josiane,agent,,+331-12-44-45-23,MinistèreIntérieur,123470
12751,comptabilite,343293775,test@abcd.com,Martinot,Jean-Pierre,agent,34329377500037,+331-12-44-45-23,MinistèreIntérieur,123471
12851,comptabilite,343293775,test@abcd.com,Martinot,Philipe,agent,34329377500037,+331-12-44-45-23,MinistèreIntérieur,123472
12951,comptabilite,343293775,test@abcd.com,Martinot,Ursule,agent,34329377500037,,MinistèreIntérieur,123473
13351,comptabilite,343293775,test@abcd.com,Martinot,Gudule,agent,34329377500037,+331-12-44-45-23,MinistèreIntérieur,123474
14351,comptabilite,343293775,test@abcd.com,Martinot,Maurissette,agent,34329377500037,+331-12-44-45-23,MinistèreIntérieur,123475
E000001,error 2,error3,error@error.com,error 4,error 5,agent,34329377500037,+331-12-44-45-23,MinistèreIntérieur,123476
E020025,comptabilite,343293775,test@abcd.com,Martinot,Didier,agent,34329377500037,+331-12-44-45-23,MinistèreIntérieur,123464
